sensor_1,sensor_2,location_1,location_2,unique_sensor_1,unique_sensor_2,distance_km
57,69,29,7,57_29,69_7,0.7034148830479854
57,40,29,7,57_29,40_7,0.7034148830479854
57,46,29,25,57_29,46_25,3.4517927828581927
57,55,29,30,57_29,55_30,1.4196362470230033
57,27,29,8,57_29,27_8,5.8250322170392455
57,87,29,7,57_29,87_7,0.7034148830479854
57,75,29,7,57_29,75_7,0.7034148830479854
57,51,29,27,57_29,51_27,1.4912076759970032
57,71,29,7,57_29,71_7,0.7034148830479854
57,81,29,33,57_29,81_33,11.283925572561676
57,73,29,34,57_29,73_34,10.403560762075433
57,89,29,7,57_29,89_7,0.7034148830479854
57,53,29,28,57_29,53_28,6.751223890748868
57,44,29,26,57_29,44_26,11.346659128981718
57,71,29,35,57_29,71_35,4.685982286906276
57,59,29,31,57_29,59_31,1.0902028566857331
57,93,29,7,57_29,93_7,0.7034148830479854
57,97,29,7,57_29,97_7,0.7034148830479854
57,89,29,36,57_29,89_36,5.8720868168681
57,93,29,37,57_29,93_37,9.623727406203049
57,100,29,7,57_29,100_7,0.7034148830479854
57,97,29,37,57_29,97_37,9.623727406203049
57,96,29,25,57_29,96_25,3.4517927828581927
57,101,29,7,57_29,101_7,0.7034148830479854
57,86,29,7,57_29,86_7,0.7034148830479854
57,86,29,38,57_29,86_38,17.47928695715974
57,61,29,7,57_29,61_7,0.7034148830479854
57,47,29,6,57_29,47_6,4.79383703709844
57,61,29,40,57_29,61_40,1.941612532207736
57,108,29,7,57_29,108_7,0.7034148830479854
57,103,29,7,57_29,103_7,0.7034148830479854
57,106,29,7,57_29,106_7,0.7034148830479854
57,77,29,7,57_29,77_7,0.7034148830479854
57,27,29,41,57_29,27_41,2.7751207252603645
57,69,29,43,57_29,69_43,13.700175596358502
57,108,29,37,57_29,108_37,9.623727406203049
57,112,29,43,57_29,112_43,13.700175596358502
57,109,29,43,57_29,109_43,13.700175596358502
57,103,29,37,57_29,103_37,9.623727406203049
57,69,29,32,57_29,69_32,4.511714257696457
57,106,29,44,57_29,106_44,4.012704224857215
57,75,29,49,57_29,75_49,16.286011233469623
69,40,7,7,69_7,40_7,0.0
69,46,7,25,69_7,46_25,4.131109054878423
69,55,7,30,69_7,55_30,1.791681403171684
69,27,7,8,69_7,27_8,6.515206960893198
69,87,7,7,69_7,87_7,0.0
69,75,7,7,69_7,75_7,0.0
69,51,7,27,69_7,51_27,2.18985692246781
69,71,7,7,69_7,71_7,0.0
69,81,7,33,69_7,81_33,11.796035675396588
69,73,7,34,69_7,73_34,10.23357936155596
69,89,7,7,69_7,89_7,0.0
69,53,7,28,69_7,53_28,7.3858937251031715
69,44,7,26,69_7,44_26,10.740436577534291
69,71,7,35,69_7,71_35,5.343118971008809
69,59,7,31,69_7,59_31,1.355613394567126
69,93,7,7,69_7,93_7,0.0
69,97,7,7,69_7,97_7,0.0
69,89,7,36,69_7,89_36,6.501135691473115
69,93,7,37,69_7,93_37,9.014442148172574
69,100,7,7,69_7,100_7,0.0
69,97,7,37,69_7,97_37,9.014442148172574
69,96,7,25,69_7,96_25,4.131109054878423
69,101,7,7,69_7,101_7,0.0
69,86,7,7,69_7,86_7,0.0
69,86,7,38,69_7,86_38,17.898283517009027
69,61,7,7,69_7,61_7,0.0
69,47,7,6,69_7,47_6,4.403367958731945
69,61,7,40,69_7,61_40,2.5100531196015985
69,108,7,7,69_7,108_7,0.0
69,103,7,7,69_7,103_7,0.0
69,106,7,7,69_7,106_7,0.0
69,77,7,7,69_7,77_7,0.0
69,27,7,41,69_7,27_41,2.7365155857455776
69,69,7,43,69_7,69_43,13.05011971642122
69,108,7,37,69_7,108_37,9.014442148172574
69,112,7,43,69_7,112_43,13.05011971642122
69,109,7,43,69_7,109_43,13.05011971642122
69,103,7,37,69_7,103_37,9.014442148172574
69,69,7,32,69_7,69_32,4.207734832232256
69,106,7,44,69_7,106_44,3.571162751969653
69,75,7,49,69_7,75_49,15.582733387263392
40,46,7,25,40_7,46_25,4.131109054878423
40,55,7,30,40_7,55_30,1.791681403171684
40,27,7,8,40_7,27_8,6.515206960893198
40,87,7,7,40_7,87_7,0.0
40,75,7,7,40_7,75_7,0.0
40,51,7,27,40_7,51_27,2.18985692246781
40,71,7,7,40_7,71_7,0.0
40,81,7,33,40_7,81_33,11.796035675396588
40,73,7,34,40_7,73_34,10.23357936155596
40,89,7,7,40_7,89_7,0.0
40,53,7,28,40_7,53_28,7.3858937251031715
40,44,7,26,40_7,44_26,10.740436577534291
40,71,7,35,40_7,71_35,5.343118971008809
40,59,7,31,40_7,59_31,1.355613394567126
40,93,7,7,40_7,93_7,0.0
40,97,7,7,40_7,97_7,0.0
40,89,7,36,40_7,89_36,6.501135691473115
40,93,7,37,40_7,93_37,9.014442148172574
40,100,7,7,40_7,100_7,0.0
40,97,7,37,40_7,97_37,9.014442148172574
40,96,7,25,40_7,96_25,4.131109054878423
40,101,7,7,40_7,101_7,0.0
40,86,7,7,40_7,86_7,0.0
40,86,7,38,40_7,86_38,17.898283517009027
40,61,7,7,40_7,61_7,0.0
40,47,7,6,40_7,47_6,4.403367958731945
40,61,7,40,40_7,61_40,2.5100531196015985
40,108,7,7,40_7,108_7,0.0
40,103,7,7,40_7,103_7,0.0
40,106,7,7,40_7,106_7,0.0
40,77,7,7,40_7,77_7,0.0
40,27,7,41,40_7,27_41,2.7365155857455776
40,69,7,43,40_7,69_43,13.05011971642122
40,108,7,37,40_7,108_37,9.014442148172574
40,112,7,43,40_7,112_43,13.05011971642122
40,109,7,43,40_7,109_43,13.05011971642122
40,103,7,37,40_7,103_37,9.014442148172574
40,69,7,32,40_7,69_32,4.207734832232256
40,106,7,44,40_7,106_44,3.571162751969653
40,75,7,49,40_7,75_49,15.582733387263392
46,55,25,30,46_25,55_30,2.833989631694262
46,27,25,8,46_25,27_8,2.401613132251136
46,87,25,7,46_25,87_7,4.131109054878423
46,75,25,7,46_25,75_7,4.131109054878423
46,51,25,27,46_25,51_27,2.185610418762854
46,71,25,7,46_25,71_7,4.131109054878423
46,81,25,33,46_25,81_33,8.394114139634864
46,73,25,34,46_25,73_34,10.925944119747196
46,89,25,7,46_25,89_7,4.131109054878423
46,53,25,28,46_25,53_28,3.4116096520097914
46,44,25,26,46_25,44_26,14.729663700849194
46,71,25,35,46_25,71_35,1.3016523419819566
46,59,25,31,46_25,59_31,3.2018554632379077
46,93,25,7,46_25,93_7,4.131109054878423
46,97,25,7,46_25,97_7,4.131109054878423
46,89,25,36,46_25,89_36,2.585495605104469
46,93,25,37,46_25,93_37,13.015828825598112
46,100,25,7,46_25,100_7,4.131109054878423
46,97,25,37,46_25,97_37,13.015828825598112
46,96,25,25,46_25,96_25,0.0
46,101,25,7,46_25,101_7,4.131109054878423
46,86,25,7,46_25,86_7,4.131109054878423
46,86,25,38,46_25,86_38,14.905921063827746
46,61,25,7,46_25,61_7,4.131109054878423
46,47,25,6,46_25,47_6,6.830042638423874
46,61,25,40,46_25,61_40,1.8892597837137892
46,108,25,7,46_25,108_7,4.131109054878423
46,103,25,7,46_25,103_7,4.131109054878423
46,106,25,7,46_25,106_7,4.131109054878423
46,77,25,7,46_25,77_7,4.131109054878423
46,27,25,41,46_25,27_41,5.319112426260436
46,69,25,43,46_25,69_43,16.545462059974536
46,108,25,37,46_25,108_37,13.015828825598112
46,112,25,43,46_25,112_43,16.545462059974536
46,109,25,43,46_25,109_43,16.545462059974536
46,103,25,37,46_25,103_37,13.015828825598112
46,69,25,32,46_25,69_32,6.276317780044437
46,106,25,44,46_25,106_44,6.351584674188909
46,75,25,49,46_25,75_49,19.604116005878492
55,27,30,8,55_30,27_8,5.206611158965118
55,87,30,7,55_30,87_7,1.791681403171684
55,75,30,7,55_30,75_7,1.791681403171684
55,51,30,27,55_30,51_27,1.824344074346026
55,71,30,7,55_30,71_7,1.791681403171684
55,81,30,33,55_30,81_33,10.015222675526479
55,73,30,34,55_30,73_34,9.298945535401343
55,89,30,7,55_30,89_7,1.791681403171684
55,53,30,28,55_30,53_28,5.788211383795195
55,44,30,26,55_30,44_26,12.468771890390133
55,71,30,35,55_30,71_35,3.8622593797854847
55,59,30,31,55_30,59_31,0.4586931048405134
55,93,30,7,55_30,93_7,1.791681403171684
55,97,30,7,55_30,97_7,1.791681403171684
55,89,30,36,55_30,89_36,4.898071834157606
55,93,30,37,55_30,93_37,10.741923561547845
55,100,30,7,55_30,100_7,1.791681403171684
55,97,30,37,55_30,97_37,10.741923561547845
55,96,30,25,55_30,96_25,2.833989631694262
55,101,30,7,55_30,101_7,1.791681403171684
55,86,30,7,55_30,86_7,1.791681403171684
55,86,30,38,55_30,86_38,16.11307158300081
55,61,30,7,55_30,61_7,1.791681403171684
55,47,30,6,55_30,47_6,4.212450783906013
55,61,30,40,55_30,61_40,0.9501214738147006
55,108,30,7,55_30,108_7,1.791681403171684
55,103,30,7,55_30,103_7,1.791681403171684
55,106,30,7,55_30,106_7,1.791681403171684
55,77,30,7,55_30,77_7,1.791681403171684
55,27,30,41,55_30,27_41,4.180250585422665
55,69,30,43,55_30,69_43,13.73959548152719
55,108,30,37,55_30,108_37,10.741923561547845
55,112,30,43,55_30,112_43,13.73959548152719
55,109,30,43,55_30,109_43,13.73959548152719
55,103,30,37,55_30,103_37,10.741923561547845
55,69,30,32,55_30,69_32,3.7649584387179442
55,106,30,44,55_30,106_44,3.6083396410974244
55,75,30,49,55_30,75_49,16.81119975662633
27,87,8,7,27_8,87_7,6.515206960893198
27,75,8,7,27_8,75_7,6.515206960893198
27,51,8,27,27_8,51_27,4.451630664785513
27,71,8,7,27_8,71_7,6.515206960893198
27,81,8,33,27_8,81_33,7.116235951323666
27,73,8,34,27_8,73_34,12.280288541736773
27,89,8,7,27_8,89_7,6.515206960893198
27,53,8,28,27_8,53_28,1.88247563950409
27,44,8,26,27_8,44_26,16.986835151229442
27,71,8,35,27_8,71_35,1.4929629729721103
27,59,8,31,27_8,59_31,5.593540934873243
27,93,8,7,27_8,93_7,6.515206960893198
27,97,8,7,27_8,97_7,6.515206960893198
27,89,8,36,27_8,89_36,1.6586226903139158
27,93,8,37,27_8,93_37,15.286848499574885
27,100,8,7,27_8,100_7,6.515206960893198
27,97,8,37,27_8,97_37,15.286848499574885
27,96,8,25,27_8,96_25,2.401613132251136
27,101,8,7,27_8,101_7,6.515206960893198
27,86,8,7,27_8,86_7,6.515206960893198
27,86,8,38,27_8,86_38,13.766139898494949
27,61,8,7,27_8,61_7,6.515206960893198
27,47,8,6,27_8,47_6,8.997877634955424
27,61,8,40,27_8,61_40,4.25654713019971
27,108,8,7,27_8,108_7,6.515206960893198
27,103,8,7,27_8,103_7,6.515206960893198
27,106,8,7,27_8,106_7,6.515206960893198
27,77,8,7,27_8,77_7,6.515206960893198
27,27,8,41,27_8,27_41,7.339025714902776
27,69,8,43,27_8,69_43,18.82685062253447
27,108,8,37,27_8,108_37,15.286848499574885
27,112,8,43,27_8,112_43,18.82685062253447
27,109,8,43,27_8,109_43,18.82685062253447
27,103,8,37,27_8,103_37,15.286848499574885
27,69,8,32,27_8,69_32,8.394103967936584
27,106,8,44,27_8,106_44,8.613763224181104
27,75,8,49,27_8,75_49,22.00265995006699
87,75,7,7,87_7,75_7,0.0
87,51,7,27,87_7,51_27,2.18985692246781
87,71,7,7,87_7,71_7,0.0
87,81,7,33,87_7,81_33,11.796035675396588
87,73,7,34,87_7,73_34,10.23357936155596
87,89,7,7,87_7,89_7,0.0
87,53,7,28,87_7,53_28,7.3858937251031715
87,44,7,26,87_7,44_26,10.740436577534291
87,71,7,35,87_7,71_35,5.343118971008809
87,59,7,31,87_7,59_31,1.355613394567126
87,93,7,7,87_7,93_7,0.0
87,97,7,7,87_7,97_7,0.0
87,89,7,36,87_7,89_36,6.501135691473115
87,93,7,37,87_7,93_37,9.014442148172574
87,100,7,7,87_7,100_7,0.0
87,97,7,37,87_7,97_37,9.014442148172574
87,96,7,25,87_7,96_25,4.131109054878423
87,101,7,7,87_7,101_7,0.0
87,86,7,7,87_7,86_7,0.0
87,86,7,38,87_7,86_38,17.898283517009027
87,61,7,7,87_7,61_7,0.0
87,47,7,6,87_7,47_6,4.403367958731945
87,61,7,40,87_7,61_40,2.5100531196015985
87,108,7,7,87_7,108_7,0.0
87,103,7,7,87_7,103_7,0.0
87,106,7,7,87_7,106_7,0.0
87,77,7,7,87_7,77_7,0.0
87,27,7,41,87_7,27_41,2.7365155857455776
87,69,7,43,87_7,69_43,13.05011971642122
87,108,7,37,87_7,108_37,9.014442148172574
87,112,7,43,87_7,112_43,13.05011971642122
87,109,7,43,87_7,109_43,13.05011971642122
87,103,7,37,87_7,103_37,9.014442148172574
87,69,7,32,87_7,69_32,4.207734832232256
87,106,7,44,87_7,106_44,3.571162751969653
87,75,7,49,87_7,75_49,15.582733387263392
75,51,7,27,75_7,51_27,2.18985692246781
75,71,7,7,75_7,71_7,0.0
75,81,7,33,75_7,81_33,11.796035675396588
75,73,7,34,75_7,73_34,10.23357936155596
75,89,7,7,75_7,89_7,0.0
75,53,7,28,75_7,53_28,7.3858937251031715
75,44,7,26,75_7,44_26,10.740436577534291
75,71,7,35,75_7,71_35,5.343118971008809
75,59,7,31,75_7,59_31,1.355613394567126
75,93,7,7,75_7,93_7,0.0
75,97,7,7,75_7,97_7,0.0
75,89,7,36,75_7,89_36,6.501135691473115
75,93,7,37,75_7,93_37,9.014442148172574
75,100,7,7,75_7,100_7,0.0
75,97,7,37,75_7,97_37,9.014442148172574
75,96,7,25,75_7,96_25,4.131109054878423
75,101,7,7,75_7,101_7,0.0
75,86,7,7,75_7,86_7,0.0
75,86,7,38,75_7,86_38,17.898283517009027
75,61,7,7,75_7,61_7,0.0
75,47,7,6,75_7,47_6,4.403367958731945
75,61,7,40,75_7,61_40,2.5100531196015985
75,108,7,7,75_7,108_7,0.0
75,103,7,7,75_7,103_7,0.0
75,106,7,7,75_7,106_7,0.0
75,77,7,7,75_7,77_7,0.0
75,27,7,41,75_7,27_41,2.7365155857455776
75,69,7,43,75_7,69_43,13.05011971642122
75,108,7,37,75_7,108_37,9.014442148172574
75,112,7,43,75_7,112_43,13.05011971642122
75,109,7,43,75_7,109_43,13.05011971642122
75,103,7,37,75_7,103_37,9.014442148172574
75,69,7,32,75_7,69_32,4.207734832232256
75,106,7,44,75_7,106_44,3.571162751969653
75,75,7,49,75_7,75_49,15.582733387263392
51,71,27,7,51_27,71_7,2.18985692246781
51,81,27,33,51_27,81_33,10.445198567246265
51,73,27,34,51_27,73_34,11.09326806252485
51,89,27,7,51_27,89_7,2.18985692246781
51,53,27,28,51_27,53_28,5.593540934873243
51,44,27,26,51_27,44_26,12.560294264707782
51,71,27,35,51_27,71_35,3.4838888316782755
51,59,27,31,51_27,59_31,1.88247563950409
51,93,27,7,51_27,93_7,2.18985692246781
51,97,27,7,51_27,97_7,2.18985692246781
51,89,27,36,51_27,89_36,4.750595945879838
51,93,27,37,51_27,93_37,10.851666016701396
51,100,27,7,51_27,100_7,2.18985692246781
51,97,27,37,51_27,97_37,10.851666016701396
51,96,27,25,51_27,96_25,2.185610418762854
51,101,27,7,51_27,101_7,2.18985692246781
51,86,27,7,51_27,86_7,2.18985692246781
51,86,27,38,51_27,86_38,16.841645460328365
51,61,27,7,51_27,61_7,2.18985692246781
51,47,27,6,51_27,47_6,5.948262736504342
51,61,27,40,51_27,61_40,1.504825512851944
51,108,27,7,51_27,108_7,2.18985692246781
51,103,27,7,51_27,103_7,2.18985692246781
51,106,27,7,51_27,106_7,2.18985692246781
51,77,27,7,51_27,77_7,2.18985692246781
51,27,27,41,51_27,27_41,3.203769811668086
51,69,27,43,51_27,69_43,15.15252308405964
51,108,27,37,51_27,108_37,10.851666016701396
51,112,27,43,51_27,112_43,15.15252308405964
51,109,27,43,51_27,109_43,15.15252308405964
51,103,27,37,51_27,103_37,10.851666016701396
51,69,27,32,51_27,69_32,5.552138160281925
51,106,27,44,51_27,106_44,5.256065028603704
51,75,27,49,51_27,75_49,17.767070730566825
71,81,7,33,71_7,81_33,11.796035675396588
71,73,7,34,71_7,73_34,10.23357936155596
71,89,7,7,71_7,89_7,0.0
71,53,7,28,71_7,53_28,7.3858937251031715
71,44,7,26,71_7,44_26,10.740436577534291
71,71,7,35,71_7,71_35,5.343118971008809
71,59,7,31,71_7,59_31,1.355613394567126
71,93,7,7,71_7,93_7,0.0
71,97,7,7,71_7,97_7,0.0
71,89,7,36,71_7,89_36,6.501135691473115
71,93,7,37,71_7,93_37,9.014442148172574
71,100,7,7,71_7,100_7,0.0
71,97,7,37,71_7,97_37,9.014442148172574
71,96,7,25,71_7,96_25,4.131109054878423
71,101,7,7,71_7,101_7,0.0
71,86,7,7,71_7,86_7,0.0
71,86,7,38,71_7,86_38,17.898283517009027
71,61,7,7,71_7,61_7,0.0
71,47,7,6,71_7,47_6,4.403367958731945
71,61,7,40,71_7,61_40,2.5100531196015985
71,108,7,7,71_7,108_7,0.0
71,103,7,7,71_7,103_7,0.0
71,106,7,7,71_7,106_7,0.0
71,77,7,7,71_7,77_7,0.0
71,27,7,41,71_7,27_41,2.7365155857455776
71,69,7,43,71_7,69_43,13.05011971642122
71,108,7,37,71_7,108_37,9.014442148172574
71,112,7,43,71_7,112_43,13.05011971642122
71,109,7,43,71_7,109_43,13.05011971642122
71,103,7,37,71_7,103_37,9.014442148172574
71,69,7,32,71_7,69_32,4.207734832232256
71,106,7,44,71_7,106_44,3.571162751969653
71,75,7,49,71_7,75_49,15.582733387263392
81,73,33,34,81_33,73_34,11.09544071295771
81,89,33,7,81_33,89_7,11.796035675396588
81,53,33,28,81_33,53_28,5.267715175431732
81,44,33,26,81_33,44_26,22.438918419217394
81,71,33,35,81_33,71_35,7.162867185729012
81,59,33,31,81_33,59_31,10.468772746419404
81,93,33,7,81_33,93_7,11.796035675396588
81,97,33,7,81_33,97_7,11.796035675396588
81,89,33,36,81_33,89_36,5.88939360531794
81,93,33,37,81_33,93_37,20.71616408574034
81,100,33,7,81_33,100_7,11.796035675396588
81,97,33,37,81_33,97_37,20.71616408574034
81,96,33,25,81_33,96_25,8.394114139634864
81,101,33,7,81_33,101_7,11.796035675396588
81,86,33,7,81_33,86_7,11.796035675396588
81,86,33,38,81_33,86_38,6.650053829169713
81,61,33,7,81_33,61_7,11.796035675396588
81,47,33,6,81_33,47_6,11.694119950924868
81,61,33,40,81_33,61_40,9.344860673844495
81,108,33,7,81_33,108_7,11.796035675396588
81,103,33,7,81_33,103_7,11.796035675396588
81,106,33,7,81_33,106_7,11.796035675396588
81,77,33,7,81_33,77_7,11.796035675396588
81,27,33,41,81_33,27_41,13.648702163700479
81,69,33,43,81_33,69_43,20.949904501520496
81,108,33,37,81_33,108_37,20.71616408574034
81,112,33,43,81_33,112_43,20.949904501520496
81,109,33,43,81_33,109_43,20.949904501520496
81,103,33,37,81_33,103_37,20.71616408574034
81,69,33,32,81_33,69_32,11.031855837384487
81,106,33,44,81_33,106_44,11.871415841646709
81,75,33,49,81_33,75_49,25.489946229687238
73,89,34,7,73_34,89_7,10.23357936155596
73,53,34,28,73_34,53_28,11.277482289060234
73,44,34,26,73_34,44_26,17.11335211982071
73,71,34,35,73_34,71_35,10.914927203858484
73,59,34,31,73_34,59_31,9.398858268468418
73,93,34,7,73_34,93_7,10.23357936155596
73,97,34,7,73_34,97_7,10.23357936155596
73,89,34,36,73_34,89_36,10.810934394716709
73,93,34,37,73_34,93_37,15.686113764389074
73,100,34,7,73_34,100_7,10.23357936155596
73,97,34,37,73_34,97_37,15.686113764389074
73,96,34,25,73_34,96_25,10.925944119747196
73,101,34,7,73_34,101_7,10.23357936155596
73,86,34,7,73_34,86_7,10.23357936155596
73,86,34,38,73_34,86_38,13.689728689756466
73,61,34,7,73_34,61_7,10.23357936155596
73,47,34,6,73_34,47_6,6.193400398399404
73,61,34,40,73_34,61_40,9.712268629711655
73,108,34,7,73_34,108_7,10.23357936155596
73,103,34,7,73_34,103_7,10.23357936155596
73,106,34,7,73_34,106_7,10.23357936155596
73,77,34,7,73_34,77_7,10.23357936155596
73,27,34,41,73_34,27_41,12.949691572699864
73,69,34,43,73_34,69_43,11.016193436898979
73,108,34,37,73_34,108_37,15.686113764389074
73,112,34,43,73_34,112_43,11.016193436898979
73,109,34,43,73_34,109_43,11.016193436898979
73,103,34,37,73_34,103_37,15.686113764389074
73,69,34,32,73_34,69_32,6.11857287393319
73,106,34,44,73_34,106_44,7.068756554257755
73,75,34,49,73_34,75_49,16.56858498320638
89,53,7,28,89_7,53_28,7.3858937251031715
89,44,7,26,89_7,44_26,10.740436577534291
89,71,7,35,89_7,71_35,5.343118971008809
89,59,7,31,89_7,59_31,1.355613394567126
89,93,7,7,89_7,93_7,0.0
89,97,7,7,89_7,97_7,0.0
89,89,7,36,89_7,89_36,6.501135691473115
89,93,7,37,89_7,93_37,9.014442148172574
89,100,7,7,89_7,100_7,0.0
89,97,7,37,89_7,97_37,9.014442148172574
89,96,7,25,89_7,96_25,4.131109054878423
89,101,7,7,89_7,101_7,0.0
89,86,7,7,89_7,86_7,0.0
89,86,7,38,89_7,86_38,17.898283517009027
89,61,7,7,89_7,61_7,0.0
89,47,7,6,89_7,47_6,4.403367958731945
89,61,7,40,89_7,61_40,2.5100531196015985
89,108,7,7,89_7,108_7,0.0
89,103,7,7,89_7,103_7,0.0
89,106,7,7,89_7,106_7,0.0
89,77,7,7,89_7,77_7,0.0
89,27,7,41,89_7,27_41,2.7365155857455776
89,69,7,43,89_7,69_43,13.05011971642122
89,108,7,37,89_7,108_37,9.014442148172574
89,112,7,43,89_7,112_43,13.05011971642122
89,109,7,43,89_7,109_43,13.05011971642122
89,103,7,37,89_7,103_37,9.014442148172574
89,69,7,32,89_7,69_32,4.207734832232256
89,106,7,44,89_7,106_44,3.571162751969653
89,75,7,49,89_7,75_49,15.582733387263392
53,44,28,26,53_28,44_26,18.092957324257277
53,71,28,35,53_28,71_35,2.1102483707935944
53,59,28,31,53_28,59_31,6.232319666914292
53,93,28,7,53_28,93_7,7.3858937251031715
53,97,28,7,53_28,97_7,7.3858937251031715
53,89,28,36,53_28,89_36,0.8903313810049309
53,93,28,37,53_28,93_37,16.372239575312076
53,100,28,7,53_28,100_7,7.3858937251031715
53,97,28,37,53_28,97_37,16.372239575312076
53,96,28,25,53_28,96_25,3.4116096520097914
53,101,28,7,53_28,101_7,7.3858937251031715
53,86,28,7,53_28,86_7,7.3858937251031715
53,86,28,38,53_28,86_38,11.911077419649729
53,61,28,7,53_28,61_7,7.3858937251031715
53,47,28,6,53_28,47_6,8.963571353141164
53,61,28,40,53_28,61_40,4.901811906447216
53,108,28,7,53_28,108_7,7.3858937251031715
53,103,28,7,53_28,103_7,7.3858937251031715
53,106,28,7,53_28,106_7,7.3858937251031715
53,77,28,7,53_28,77_7,7.3858937251031715
53,27,28,41,53_28,27_41,8.715334562138713
53,69,28,43,53_28,69_43,18.85164224455891
53,108,28,37,53_28,108_37,16.372239575312076
53,112,28,43,53_28,112_43,18.85164224455891
53,109,28,43,53_28,109_43,18.85164224455891
53,103,28,37,53_28,103_37,16.372239575312076
53,69,28,32,53_28,69_32,8.307977223268766
53,106,28,44,53_28,106_44,8.75861282417453
53,75,28,49,53_28,75_49,22.47537595780321
44,71,26,35,44_26,71_35,16.00660544278581
44,59,26,31,44_26,59_31,12.01023781753919
44,93,26,7,44_26,93_7,10.740436577534291
44,97,26,7,44_26,97_7,10.740436577534291
44,89,26,36,44_26,89_36,17.217448966062125
44,93,26,37,44_26,93_37,1.7269539845240325
44,100,26,7,44_26,100_7,10.740436577534291
44,97,26,37,44_26,97_37,1.7269539845240325
44,96,26,25,44_26,96_25,14.729663700849194
44,101,26,7,44_26,101_7,10.740436577534291
44,86,26,7,44_26,86_7,10.740436577534291
44,86,26,38,44_26,86_38,28.18446627671848
44,61,26,7,44_26,61_7,10.740436577534291
44,47,26,6,44_26,47_6,11.709023732338373
44,61,26,40,44_26,61_40,13.250447835948787
44,108,26,7,44_26,108_7,10.740436577534291
44,103,26,7,44_26,103_7,10.740436577534291
44,106,26,7,44_26,106_7,10.740436577534291
44,77,26,7,44_26,77_7,10.740436577534291
44,27,26,41,44_26,27_41,9.796025662425816
44,69,26,43,44_26,69_43,11.077626408624255
44,108,26,37,44_26,108_37,1.7269539845240325
44,112,26,43,44_26,112_43,11.077626408624255
44,109,26,43,44_26,109_43,11.077626408624255
44,103,26,37,44_26,103_37,1.7269539845240325
44,69,26,32,44_26,69_32,12.200400912450508
44,106,26,44,44_26,106_44,11.127989642221868
44,75,26,49,44_26,75_49,8.723354206394454
71,59,35,31,71_35,59_31,4.28079315749264
71,93,35,7,71_35,93_7,5.343118971008809
71,97,35,7,71_35,97_7,5.343118971008809
71,89,35,36,71_35,89_36,1.2956619204982716
71,93,35,37,71_35,93_37,14.289216071304669
71,100,35,7,71_35,100_7,5.343118971008809
71,97,35,37,71_35,97_37,14.289216071304669
71,96,35,25,71_35,96_25,1.3016523419819566
71,101,35,7,71_35,101_7,5.343118971008809
71,86,35,7,71_35,86_7,5.343118971008809
71,86,35,38,71_35,86_38,13.730510343947872
71,61,35,7,71_35,61_7,5.343118971008809
71,47,35,6,71_35,47_6,7.516494405400308
71,61,35,40,71_35,61_40,2.9271812905307737
71,108,35,7,71_35,108_7,5.343118971008809
71,103,35,7,71_35,103_7,5.343118971008809
71,106,35,7,71_35,106_7,5.343118971008809
71,77,35,7,71_35,77_7,5.343118971008809
71,27,35,41,71_35,27_41,6.614995046116167
71,69,35,43,71_35,69_43,17.366224192173057
71,108,35,37,71_35,108_37,14.289216071304669
71,112,35,43,71_35,112_43,17.366224192173057
71,109,35,43,71_35,109_43,17.366224192173057
71,103,35,37,71_35,103_37,14.289216071304669
71,69,35,32,71_35,69_32,6.906752567173642
71,106,35,44,71_35,106_44,7.158616961904312
71,75,35,49,71_35,75_49,20.66824767473255
59,93,31,7,59_31,93_7,1.355613394567126
59,97,31,7,59_31,97_7,1.355613394567126
59,89,31,36,59_31,89_36,5.341988285956692
59,93,31,37,59_31,93_37,10.283411561163696
59,100,31,7,59_31,100_7,1.355613394567126
59,97,31,37,59_31,97_37,10.283411561163696
59,96,31,25,59_31,96_25,3.2018554632379077
59,101,31,7,59_31,101_7,1.355613394567126
59,86,31,7,59_31,86_7,1.355613394567126
59,86,31,38,59_31,86_38,16.542753810316253
59,61,31,7,59_31,61_7,1.355613394567126
59,47,31,6,59_31,47_6,4.0661133511917535
59,61,31,40,59_31,61_40,1.3536832032943553
59,108,31,7,59_31,108_7,1.355613394567126
59,103,31,7,59_31,103_7,1.355613394567126
59,106,31,7,59_31,106_7,1.355613394567126
59,77,31,7,59_31,77_7,1.355613394567126
59,27,31,41,59_31,27_41,3.862728850168488
59,69,31,43,59_31,69_43,13.4384343505093
59,108,31,37,59_31,108_37,10.283411561163696
59,112,31,43,59_31,112_43,13.4384343505093
59,109,31,43,59_31,109_43,13.4384343505093
59,103,31,37,59_31,103_37,10.283411561163696
59,69,31,32,59_31,69_32,3.678793431713527
59,106,31,44,59_31,106_44,3.3932198836812884
59,75,31,49,59_31,75_49,16.410777305077094
93,97,7,7,93_7,97_7,0.0
93,89,7,36,93_7,89_36,6.501135691473115
93,93,7,37,93_7,93_37,9.014442148172574
93,100,7,7,93_7,100_7,0.0
93,97,7,37,93_7,97_37,9.014442148172574
93,96,7,25,93_7,96_25,4.131109054878423
93,101,7,7,93_7,101_7,0.0
93,86,7,7,93_7,86_7,0.0
93,86,7,38,93_7,86_38,17.898283517009027
93,61,7,7,93_7,61_7,0.0
93,47,7,6,93_7,47_6,4.403367958731945
93,61,7,40,93_7,61_40,2.5100531196015985
93,108,7,7,93_7,108_7,0.0
93,103,7,7,93_7,103_7,0.0
93,106,7,7,93_7,106_7,0.0
93,77,7,7,93_7,77_7,0.0
93,27,7,41,93_7,27_41,2.7365155857455776
93,69,7,43,93_7,69_43,13.05011971642122
93,108,7,37,93_7,108_37,9.014442148172574
93,112,7,43,93_7,112_43,13.05011971642122
93,109,7,43,93_7,109_43,13.05011971642122
93,103,7,37,93_7,103_37,9.014442148172574
93,69,7,32,93_7,69_32,4.207734832232256
93,106,7,44,93_7,106_44,3.571162751969653
93,75,7,49,93_7,75_49,15.582733387263392
97,89,7,36,97_7,89_36,6.501135691473115
97,93,7,37,97_7,93_37,9.014442148172574
97,100,7,7,97_7,100_7,0.0
97,97,7,37,97_7,97_37,9.014442148172574
97,96,7,25,97_7,96_25,4.131109054878423
97,101,7,7,97_7,101_7,0.0
97,86,7,7,97_7,86_7,0.0
97,86,7,38,97_7,86_38,17.898283517009027
97,61,7,7,97_7,61_7,0.0
97,47,7,6,97_7,47_6,4.403367958731945
97,61,7,40,97_7,61_40,2.5100531196015985
97,108,7,7,97_7,108_7,0.0
97,103,7,7,97_7,103_7,0.0
97,106,7,7,97_7,106_7,0.0
97,77,7,7,97_7,77_7,0.0
97,27,7,41,97_7,27_41,2.7365155857455776
97,69,7,43,97_7,69_43,13.05011971642122
97,108,7,37,97_7,108_37,9.014442148172574
97,112,7,43,97_7,112_43,13.05011971642122
97,109,7,43,97_7,109_43,13.05011971642122
97,103,7,37,97_7,103_37,9.014442148172574
97,69,7,32,97_7,69_32,4.207734832232256
97,106,7,44,97_7,106_44,3.571162751969653
97,75,7,49,97_7,75_49,15.582733387263392
89,93,36,37,89_36,93_37,15.495424551754297
89,100,36,7,89_36,100_7,6.501135691473115
89,97,36,37,89_36,97_37,15.495424551754297
89,96,36,25,89_36,96_25,2.585495605104469
89,101,36,7,89_36,101_7,6.501135691473115
89,86,36,7,89_36,86_7,6.501135691473115
89,86,36,38,89_36,86_38,12.487772578708098
89,61,36,7,89_36,61_7,6.501135691473115
89,47,36,6,89_36,47_6,8.15311995280598
89,61,36,40,89_36,61_40,4.012588501667203
89,108,36,7,89_36,108_7,6.501135691473115
89,103,36,7,89_36,103_7,6.501135691473115
89,106,36,7,89_36,106_7,6.501135691473115
89,77,36,7,89_36,77_7,6.501135691473115
89,27,36,41,89_36,27_41,7.90452348937357
89,69,36,43,89_36,69_43,18.045989362424223
89,108,36,37,89_36,108_37,15.495424551754297
89,112,36,43,89_36,112_43,18.045989362424223
89,109,36,43,89_36,109_43,18.045989362424223
89,103,36,37,89_36,103_37,15.495424551754297
89,69,36,32,89_36,69_32,7.505950550955809
89,106,36,44,89_36,106_44,7.914728078617739
89,75,36,49,89_36,75_49,21.603158713888405
93,100,37,7,93_37,100_7,9.014442148172574
93,97,37,37,93_37,97_37,0.0
93,96,37,25,93_37,96_25,13.015828825598112
93,101,37,7,93_37,101_7,9.014442148172574
93,86,37,7,93_37,86_7,9.014442148172574
93,86,37,38,93_37,86_38,26.49425474967629
93,61,37,7,93_37,61_7,9.014442148172574
93,47,37,6,93_37,47_6,10.107509157743078
93,61,37,40,93_37,61_40,11.524494954512674
93,108,37,7,93_37,108_7,9.014442148172574
93,103,37,7,93_37,103_7,9.014442148172574
93,106,37,7,93_37,106_7,9.014442148172574
93,77,37,7,93_37,77_7,9.014442148172574
93,27,37,41,93_37,27_41,8.151228780250321
93,69,37,43,93_37,69_43,10.662334156381302
93,108,37,37,93_37,108_37,0.0
93,112,37,43,93_37,112_43,10.662334156381302
93,109,37,43,93_37,109_43,10.662334156381302
93,103,37,37,93_37,103_37,0.0
93,69,37,32,93_37,69_32,10.57254406143706
93,106,37,44,93_37,106_44,9.489301008175325
93,75,37,49,93_37,75_49,9.297852499617184
100,97,7,37,100_7,97_37,9.014442148172574
100,96,7,25,100_7,96_25,4.131109054878423
100,101,7,7,100_7,101_7,0.0
100,86,7,7,100_7,86_7,0.0
100,86,7,38,100_7,86_38,17.898283517009027
100,61,7,7,100_7,61_7,0.0
100,47,7,6,100_7,47_6,4.403367958731945
100,61,7,40,100_7,61_40,2.5100531196015985
100,108,7,7,100_7,108_7,0.0
100,103,7,7,100_7,103_7,0.0
100,106,7,7,100_7,106_7,0.0
100,77,7,7,100_7,77_7,0.0
100,27,7,41,100_7,27_41,2.7365155857455776
100,69,7,43,100_7,69_43,13.05011971642122
100,108,7,37,100_7,108_37,9.014442148172574
100,112,7,43,100_7,112_43,13.05011971642122
100,109,7,43,100_7,109_43,13.05011971642122
100,103,7,37,100_7,103_37,9.014442148172574
100,69,7,32,100_7,69_32,4.207734832232256
100,106,7,44,100_7,106_44,3.571162751969653
100,75,7,49,100_7,75_49,15.582733387263392
97,96,37,25,97_37,96_25,13.015828825598112
97,101,37,7,97_37,101_7,9.014442148172574
97,86,37,7,97_37,86_7,9.014442148172574
97,86,37,38,97_37,86_38,26.49425474967629
97,61,37,7,97_37,61_7,9.014442148172574
97,47,37,6,97_37,47_6,10.107509157743078
97,61,37,40,97_37,61_40,11.524494954512674
97,108,37,7,97_37,108_7,9.014442148172574
97,103,37,7,97_37,103_7,9.014442148172574
97,106,37,7,97_37,106_7,9.014442148172574
97,77,37,7,97_37,77_7,9.014442148172574
97,27,37,41,97_37,27_41,8.151228780250321
97,69,37,43,97_37,69_43,10.662334156381302
97,108,37,37,97_37,108_37,0.0
97,112,37,43,97_37,112_43,10.662334156381302
97,109,37,43,97_37,109_43,10.662334156381302
97,103,37,37,97_37,103_37,0.0
97,69,37,32,97_37,69_32,10.57254406143706
97,106,37,44,97_37,106_44,9.489301008175325
97,75,37,49,97_37,75_49,9.297852499617184
96,101,25,7,96_25,101_7,4.131109054878423
96,86,25,7,96_25,86_7,4.131109054878423
96,86,25,38,96_25,86_38,14.905921063827746
96,61,25,7,96_25,61_7,4.131109054878423
96,47,25,6,96_25,47_6,6.830042638423874
96,61,25,40,96_25,61_40,1.8892597837137892
96,108,25,7,96_25,108_7,4.131109054878423
96,103,25,7,96_25,103_7,4.131109054878423
96,106,25,7,96_25,106_7,4.131109054878423
96,77,25,7,96_25,77_7,4.131109054878423
96,27,25,41,96_25,27_41,5.319112426260436
96,69,25,43,96_25,69_43,16.545462059974536
96,108,25,37,96_25,108_37,13.015828825598112
96,112,25,43,96_25,112_43,16.545462059974536
96,109,25,43,96_25,109_43,16.545462059974536
96,103,25,37,96_25,103_37,13.015828825598112
96,69,25,32,96_25,69_32,6.276317780044437
96,106,25,44,96_25,106_44,6.351584674188909
96,75,25,49,96_25,75_49,19.604116005878492
101,86,7,7,101_7,86_7,0.0
101,86,7,38,101_7,86_38,17.898283517009027
101,61,7,7,101_7,61_7,0.0
101,47,7,6,101_7,47_6,4.403367958731945
101,61,7,40,101_7,61_40,2.5100531196015985
101,108,7,7,101_7,108_7,0.0
101,103,7,7,101_7,103_7,0.0
101,106,7,7,101_7,106_7,0.0
101,77,7,7,101_7,77_7,0.0
101,27,7,41,101_7,27_41,2.7365155857455776
101,69,7,43,101_7,69_43,13.05011971642122
101,108,7,37,101_7,108_37,9.014442148172574
101,112,7,43,101_7,112_43,13.05011971642122
101,109,7,43,101_7,109_43,13.05011971642122
101,103,7,37,101_7,103_37,9.014442148172574
101,69,7,32,101_7,69_32,4.207734832232256
101,106,7,44,101_7,106_44,3.571162751969653
101,75,7,49,101_7,75_49,15.582733387263392
86,86,7,38,86_7,86_38,17.898283517009027
86,61,7,7,86_7,61_7,0.0
86,47,7,6,86_7,47_6,4.403367958731945
86,61,7,40,86_7,61_40,2.5100531196015985
86,108,7,7,86_7,108_7,0.0
86,103,7,7,86_7,103_7,0.0
86,106,7,7,86_7,106_7,0.0
86,77,7,7,86_7,77_7,0.0
86,27,7,41,86_7,27_41,2.7365155857455776
86,69,7,43,86_7,69_43,13.05011971642122
86,108,7,37,86_7,108_37,9.014442148172574
86,112,7,43,86_7,112_43,13.05011971642122
86,109,7,43,86_7,109_43,13.05011971642122
86,103,7,37,86_7,103_37,9.014442148172574
86,69,7,32,86_7,69_32,4.207734832232256
86,106,7,44,86_7,106_44,3.571162751969653
86,75,7,49,86_7,75_49,15.582733387263392
86,61,38,7,86_38,61_7,17.898283517009027
86,47,38,6,86_38,47_6,16.712684523856016
86,61,38,40,86_38,61_40,15.58971798848823
86,108,38,7,86_38,108_7,17.898283517009027
86,103,38,7,86_38,103_7,17.898283517009027
86,106,38,7,86_38,106_7,17.898283517009027
86,77,38,7,86_38,77_7,17.898283517009027
86,27,38,41,86_38,27_41,20.025228935320648
86,69,38,43,86_38,69_43,24.638096014866296
86,108,38,37,86_38,108_37,26.49425474967629
86,112,38,43,86_38,112_43,24.638096014866296
86,109,38,43,86_38,109_43,24.638096014866296
86,103,38,37,86_38,103_37,26.49425474967629
86,69,38,32,86_38,69_32,16.127175559759948
86,106,38,44,86_38,106_44,17.139825083614507
86,75,38,49,86_38,75_49,29.89153040018044
61,47,7,6,61_7,47_6,4.403367958731945
61,61,7,40,61_7,61_40,2.5100531196015985
61,108,7,7,61_7,108_7,0.0
61,103,7,7,61_7,103_7,0.0
61,106,7,7,61_7,106_7,0.0
61,77,7,7,61_7,77_7,0.0
61,27,7,41,61_7,27_41,2.7365155857455776
61,69,7,43,61_7,69_43,13.05011971642122
61,108,7,37,61_7,108_37,9.014442148172574
61,112,7,43,61_7,112_43,13.05011971642122
61,109,7,43,61_7,109_43,13.05011971642122
61,103,7,37,61_7,103_37,9.014442148172574
61,69,7,32,61_7,69_32,4.207734832232256
61,106,7,44,61_7,106_44,3.571162751969653
61,75,7,49,61_7,75_49,15.582733387263392
47,61,6,40,47_6,61_40,5.028071606831066
47,108,6,7,47_6,108_7,4.403367958731945
47,103,6,7,47_6,103_7,4.403367958731945
47,106,6,7,47_6,106_7,4.403367958731945
47,77,6,7,47_6,77_7,4.403367958731945
47,27,6,41,47_6,27_41,6.9697699158209385
47,69,6,43,47_6,69_43,9.89287929021796
47,108,6,37,47_6,108_37,10.107509157743078
47,112,6,43,47_6,112_43,9.89287929021796
47,109,6,43,47_6,109_43,9.89287929021796
47,103,6,37,47_6,103_37,10.107509157743078
47,69,6,32,47_6,69_32,0.6768498632007116
47,106,6,44,47_6,106_44,0.8915719792541688
47,75,6,49,47_6,75_49,13.82865002362495
61,108,40,7,61_40,108_7,2.5100531196015985
61,103,40,7,61_40,103_7,2.5100531196015985
61,106,40,7,61_40,106_7,2.5100531196015985
61,77,40,7,61_40,77_7,2.5100531196015985
61,27,40,41,61_40,27_41,4.471360341251264
61,69,40,43,61_40,69_43,14.663849065781502
61,108,40,37,61_40,108_37,11.524494954512674
61,112,40,43,61_40,112_43,14.663849065781502
61,109,40,43,61_40,109_43,14.663849065781502
61,103,40,37,61_40,103_37,11.524494954512674
61,69,40,32,61_40,69_32,4.522086548753536
61,106,40,44,61_40,106_44,4.4908962405402875
61,75,40,49,61_40,75_49,17.757070485410715
108,103,7,7,108_7,103_7,0.0
108,106,7,7,108_7,106_7,0.0
108,77,7,7,108_7,77_7,0.0
108,27,7,41,108_7,27_41,2.7365155857455776
108,69,7,43,108_7,69_43,13.05011971642122
108,108,7,37,108_7,108_37,9.014442148172574
108,112,7,43,108_7,112_43,13.05011971642122
108,109,7,43,108_7,109_43,13.05011971642122
108,103,7,37,108_7,103_37,9.014442148172574
108,69,7,32,108_7,69_32,4.207734832232256
108,106,7,44,108_7,106_44,3.571162751969653
108,75,7,49,108_7,75_49,15.582733387263392
103,106,7,7,103_7,106_7,0.0
103,77,7,7,103_7,77_7,0.0
103,27,7,41,103_7,27_41,2.7365155857455776
103,69,7,43,103_7,69_43,13.05011971642122
103,108,7,37,103_7,108_37,9.014442148172574
103,112,7,43,103_7,112_43,13.05011971642122
103,109,7,43,103_7,109_43,13.05011971642122
103,103,7,37,103_7,103_37,9.014442148172574
103,69,7,32,103_7,69_32,4.207734832232256
103,106,7,44,103_7,106_44,3.571162751969653
103,75,7,49,103_7,75_49,15.582733387263392
106,77,7,7,106_7,77_7,0.0
106,27,7,41,106_7,27_41,2.7365155857455776
106,69,7,43,106_7,69_43,13.05011971642122
106,108,7,37,106_7,108_37,9.014442148172574
106,112,7,43,106_7,112_43,13.05011971642122
106,109,7,43,106_7,109_43,13.05011971642122
106,103,7,37,106_7,103_37,9.014442148172574
106,69,7,32,106_7,69_32,4.207734832232256
106,106,7,44,106_7,106_44,3.571162751969653
106,75,7,49,106_7,75_49,15.582733387263392
77,27,7,41,77_7,27_41,2.7365155857455776
77,69,7,43,77_7,69_43,13.05011971642122
77,108,7,37,77_7,108_37,9.014442148172574
77,112,7,43,77_7,112_43,13.05011971642122
77,109,7,43,77_7,109_43,13.05011971642122
77,103,7,37,77_7,103_37,9.014442148172574
77,69,7,32,77_7,69_32,4.207734832232256
77,106,7,44,77_7,106_44,3.571162751969653
77,75,7,49,77_7,75_49,15.582733387263392
27,69,41,43,27_41,69_43,14.508300953137775
27,108,41,37,27_41,108_37,8.151228780250321
27,112,41,43,27_41,112_43,14.508300953137775
27,109,41,43,27_41,109_43,14.508300953137775
27,103,41,37,27_41,103_37,8.151228780250321
27,69,41,32,27_41,69_32,6.870078092858726
27,106,41,44,27_41,106_44,6.090774092970947
27,75,41,49,27_41,75_49,16.070861530053055
69,108,43,37,69_43,108_37,10.662334156381302
69,112,43,43,69_43,112_43,0.0
69,109,43,43,69_43,109_43,0.0
69,103,43,37,69_43,103_37,10.662334156381302
69,69,43,32,69_43,69_32,10.543797512249693
69,106,43,44,69_43,106_44,10.213297225739037
69,75,43,49,69_43,75_49,5.977443311968137
108,112,37,43,108_37,112_43,10.662334156381302
108,109,37,43,108_37,109_43,10.662334156381302
108,103,37,37,108_37,103_37,0.0
108,69,37,32,108_37,69_32,10.57254406143706
108,106,37,44,108_37,106_44,9.489301008175325
108,75,37,49,108_37,75_49,9.297852499617184
112,109,43,43,112_43,109_43,0.0
112,103,43,37,112_43,103_37,10.662334156381302
112,69,43,32,112_43,69_32,10.543797512249693
112,106,43,44,112_43,106_44,10.213297225739037
112,75,43,49,112_43,75_49,5.977443311968137
109,103,43,37,109_43,103_37,10.662334156381302
109,69,43,32,109_43,69_32,10.543797512249693
109,106,43,44,109_43,106_44,10.213297225739037
109,75,43,49,109_43,75_49,5.977443311968137
103,69,37,32,103_37,69_32,10.57254406143706
103,106,37,44,103_37,106_44,9.489301008175325
103,75,37,49,103_37,75_49,9.297852499617184
69,106,32,44,69_32,106_44,1.0981934537912093
69,75,32,49,69_32,75_49,14.502268466881794
106,75,44,49,106_44,75_49,13.802867859284195
